{
    "$schema": "http://json-schema.org/draft-04/schema",
    "title": "EXT_CDB glTF extension",
    "type": "object",
    "allOf": [ { "$ref": "glTFProperty.schema.json" } ],
    "properties": {
        "lightPoints": {
            "type": "array",
            "items": {
                "type": "object",
                "properties": {
                    "type": {
                       "type": "string",
                       "description": "Specifies the light type. Should be a name from the table in the CDB metadata."
					},
                    "extensions": { },
					"extras": { }
				}
            },
            "minItems": 1
        },
        "extensions": { },
        "extras": { }
    }
}