{
    "$schema": "http://json-schema.org/draft-04/schema",
    "title": "CDB extended texture types",
    "type": "object",
    "description": "CDB extension to add several additional texture types to materials",
    "allOf": [ { "$ref": "glTFProperty.schema.json" } ],
    "properties": {
        "detailTexture": {
            "allOf": [ { "$ref": "textureInfo.schema.json" } ],
            "description": "The detail texture.",
            "gltf_detailedDescription": "Texture used to add detail on top of an existing diffuse texture that lacks the resolution to provide correct depth perception"
        },
        "contaminantsTexture": {
            "allOf": [ { "$ref": "textureInfo.schema.json" } ],
            "description": "The contaminants texture.",
            "gltf_detailedDescription": "Texture used to simulate layers of matter that accumlate on surface top."
        },
		"materialMapTexture": {
            "allOf": [ { "$ref": "textureInfo.schema.json" } ],
            "description": "The physical material map texture.",
            "gltf_detailedDescription": "Texture used to specify composite materials at the texel level. The physical material map must be a single channel texture where values are indexes to the CDB composite material table."
        },
        "extensions": { },
        "extras": { }
    }
}