{
    "$schema": "http://json-schema.org/draft-04/schema",
    "title": "point",
    "type": "object",
    "description": "A point with some special significance in CDB.",
    "allOf": [ { "$ref": "glTFProperty.schema.json" } ],
    "properties": {
        "type": {
            "type": "string",
            "description": "Specifies the type of CDB point.",
		    "anyOf": [
            {
                "enum": [ "Attach_Point" ],
                "description": ""
            },
            {
                "enum": [ "Anchor_Point" ],
                "description": ""
            },
            {
                "enum": [ "Center_Of_Mass" ],
                "description": ""
            },
		    {
                "enum": [ "DIS_Origin" ],
                "description": ""
            },
		    {
                "enum": [ "Viewpoint" ],
                "description": ""
            }
		    ]
        },
		"fov": {
            "type": "object",
            "description": "Specifies field of view for Viewpoints. Not used by any other type of point. The field of view is defined by min/max angles in degrees for horizontal and vertical directions",
			"properties": {
			    "horizontal_min" : {
				    "type": "number"
				}
				"horizontal_max" : {
				    "type": "number"
				}
				"vertical_min" : {
				    "type": "number"
				}
				"vertical_max" : {
				    "type": "number"
				}
			}
		}
    }
    "required": [
        "type"
    ]
}