{
    "$schema": "http://json-schema.org/draft-04/schema",
    "title": "EXT_CDB node extension",
    "type": "object",
    "allOf": [ { "$ref": "glTFProperty.schema.json" } ],
    "properties": {
        "lightPoint": {
            "allOf": [
                {
                    "$ref": "glTFid.schema.json"
                }
            ],
            "description": "The id of the light point referenced by this node."
        },
		"zone": {
            "type": "object",
            "$ref": "zone.schema.json"
        },
		"switch": {
            "type": "object",
            "$ref": "switch.schema.json"
        },
		"point": {
            "type": "object",
            "$ref": "point.schema.json"
        },
        "modelAttributes": {
            "type": "array",
            "items": {
                "type": "object",
                "properties": {
                    "field": {
                       "type": "string",
                       "description": "Name of the attribute. Must be a valid CDB attribute."
					},
					"value": {
                       "type": "string",
                       "description": "Value of the attribute"
					}
				},
                "required": [
                    "field",
					"value"
                ]
            },
            "minItems": 1
        },
        "extensions": { },
        "extras": { }
    }
}