{
    "$schema": "http://json-schema.org/draft-04/schema",
    "title": "point",
    "type": "object",
    "description": "A point with some special significance in CDB.",
    "allOf": [ { "$ref": "glTFProperty.schema.json" } ],
    "properties": {
        "type": {
        "type": "string",
        "description": "Specifies the light type. Should be a name from the table in the CDB metadata.",
		"anyOf": [
        {
            "enum": [ "Attach_Point" ],
            "description": ""
        },
        {
            "enum": [ "Anchor_Point" ],
            "description": ""
        },
        {
            "enum": [ "Center_Of_Mass" ],
            "description": ""
        },
		{
            "enum": [ "DIS_Origin" ],
            "description": ""
        },
		{
            "enum": [ "Viewpoint" ],
            "description": ""
        }
		]
    },
    "required": [
        "type"
    ]
    }
}