{
    "$schema": "http://json-schema.org/draft-04/schema",
    "title": "switch",
    "type": "object",
    "description": "Switch describing alternate states of a node.",
    "allOf": [ { "$ref": "glTFProperty.schema.json" } ],
    "properties": {
	    "name": {
            "type": "string",
            "description": "Switch name."
        },
	    "ids": {
            "type": "array",
            "items": {
                "allOf": [
                {
                    "$ref": "glTFid.schema.json"
                }
                ]
            },
            "description": "Indexes of nodes for the different states of the switch.",
            "minItems": 1
        },
	    "levels": {
            "type": "array",
            "items": {
                "type": "integer"
            },
            "description": "List of values in increasing order used to indicate when the active state should be switched.",
            "minItems": 1
        }
    },
    "required": [
        "type",
		"ids"
    ]
}