{
    "$schema": "http://json-schema.org/draft-04/schema",
    "title": "zone",
    "type": "object",
    "description": "Object describing the CDB zone for a given node.",
    "allOf": [ { "$ref": "glTFProperty.schema.json" } ],
    "properties": {
	    "name": {
            "type": "string",
            "description": "CDB zone name."
        },
	    "boundingBox": {
            "type": "string",
            "description": "CDB zone name."
        },
	    "material": {
            "type": "integer",
            "description": "Index of the principal CDB material associated with this zone."
        },
	    "temperature": {
            "type": "integer",
            "description": "Temperature of the CDB zone in Celsius."
        },
	    "conformal": {
            "type": "object",
            "description": "Object describing how the model should conform to the terrain.",
			"properties": {
			    "type": {
                   "type": "string",
                   "description": "Specifies the light type. Should be a name from the table in the CDB metadata.",
				   "anyOf": [
                   {
                       "enum": [ "Absolute" ],
                       "description": ""
                   },
                   {
                       "enum": [ "Point" ],
                       "description": ""
                   },
                   {
                       "enum": [ "Vertex" ],
                       "description": ""
                   },
				   {
                       "enum": [ "Line" ],
                       "description": ""
                   },
				   {
                       "enum": [ "Plane" ],
                       "description": ""
                   },
				   {
                       "enum": [ "Surface" ],
                       "description": ""
                   }
				   ]
                },
				"fov": {
                   "type": "object",
                   "description": "Specifies the light type. Should be a name from the table in the CDB metadata."
				}
			}
        }
    },
    "required": [
        "type"
    ]
}